group 1,group 2,t-statistic,p-value
A,B,-0.75007049788091595,0.45541254251284435
A,C,-1.2026930458791847,0.23187951105968932
B,C,-0.10226811248178083,0.91886361936498262
