group 1,group 2,t-statistic,p-value
A,B,-1.4204988535056371,0.15960654726251877
A,C,-1.6662094063688875,0.098865042687517682
B,C,0.28780105075886592,0.77444368295988364
