group 1,group 2,t-statistic,p-value
A,B,-0.89613373535971319,0.37348821871595261
A,C,0.36907948581554406,0.71293535915940154
B,C,1.153725335863746,0.25326509936429098
