group 1,group 2,t-statistic,p-value
A,B,-1.5328215118687185,0.12952747631797848
A,C,0.4884687815230313,0.62630908759063908
B,C,1.8570822947709242,0.067975411693326132
