group 1,group 2,t-statistic,p-value
A,B,-1.1454415946586058,0.25571721663530961
A,C,0.91283374688949925,0.36359323889963424
B,C,1.6665922424809478,0.10056020368656504
