group 1,group 2,t-statistic,p-value
A,B,1.3554192777343919,0.17900573830264097
A,C,1.486741104974401,0.14042980956405871
B,C,-0.16861501568042078,0.86653594614369789
