group 1,group 2,t-statistic,p-value
A,B,0.35775235197432259,0.72148271166843214
A,C,-0.37630209604080567,0.70755873649580003
B,C,-0.71175816960554417,0.47888299270021539
