group 1,group 2,t-statistic,p-value
A,B,0.60102901326906411,0.54951985218754007
A,C,1.1602623904475942,0.24894406138875505
B,C,0.38802772923801743,0.6991403991551548
