group 1,group 2,t-statistic,p-value
A,B,0.075467077013153472,0.94004403175078033
A,C,1.0446054310278172,0.29913273511066185
B,C,0.77136984595216351,0.4432829378491866
