group 1,group 2,t-statistic,p-value
A,B,-0.13057855416953085,0.89650590001432595
A,C,0.48957345568952354,0.62571185521305761
B,C,0.55527239850080634,0.58064410753313644
