group 1,group 2,t-statistic,p-value
A,B,0.67229219824562947,0.50374454672358016
A,C,1.9530169549959508,0.054107847646207276
B,C,1.2529799626333915,0.21515620975190797
