group 1,group 2,t-statistic,p-value
A,B,-0.35637934500564034,0.72264393820773798
A,C,0.94541002485971481,0.34700924150742907
B,C,1.4583271520269208,0.14979780313976343
