group 1,group 2,t-statistic,p-value
A,B,-0.27663048049493544,0.78310080332355003
A,C,-1.1330552102289446,0.26100279128569892
B,C,-0.74173055206835681,0.4615876483785043
