group 1,group 2,t-statistic,p-value
A,B,0.66306124518573972,0.51016498208558636
A,C,-0.11458961239865446,0.90908500947694204
B,C,-0.78149184698722729,0.43835104971748085
