group 1,group 2,t-statistic,p-value
A,B,-1.0097622869224459,0.31711251709398164
A,C,-1.4078906235447264,0.1632407863094533
B,C,-0.023867460539773896,0.98105332999548278
