group 1,group 2,t-statistic,p-value
A,B,-0.097481767107922043,0.92271153155929586
A,C,-0.007060162144934266,0.994387524446116
B,C,0.078743013669435424,0.93754518295251743
