group 1,group 2,t-statistic,p-value
A,B,0.24230958303273661,0.80947550027268167
A,C,0.25148197556268398,0.80218897387589516
B,C,0.0039883744399233706,0.99683300785139495
