group 1,group 2,t-statistic,p-value
A,B,-0.5746224603912361,0.56807286742241381
A,C,-0.56152045051542254,0.57637378979178022
B,C,0.068051815360621479,0.94601580181981715
