group 1,group 2,t-statistic,p-value
A,B,-1.8422707872997246,0.071886724200681248
A,C,-1.5916312667121146,0.11690375216389455
B,C,-0.038674391384929153,0.96933324107601959
