group 1,group 2,t-statistic,p-value
A,B,-1.1768981490950938,0.24469985487273144
A,C,-0.9331089442266769,0.35427078376510357
B,C,0.43090327540968887,0.66850855159724276
