group 1,group 2,t-statistic,p-value
A,B,0.85151339656014435,0.39838871982152346
A,C,-0.10360224993630354,0.91780399701172621
B,C,-1.1078440942117485,0.27333770747514441
