group 1,group 2,t-statistic,p-value
A,B,0.12635491351257702,0.89992912185018303
A,C,-1.4680880318205589,0.14705559795909393
B,C,-1.2619316815618025,0.21307099960537995
