group 1,group 2,t-statistic,p-value
A,B,-0.20649075933264346,0.83721398148466775
A,C,-0.44139805949185218,0.66041255197647764
B,C,-0.21618099992527631,0.82976276704207175
