group 1,group 2,t-statistic,p-value
A,B,-1.3175013690942119,0.19379799234188419
A,C,-1.4122048653546633,0.16281036186549575
B,C,0.045781379967485554,0.96369165625528974
