group 1,group 2,t-statistic,p-value
A,B,-3.4220261006041204,0.0012794461794980315
A,C,-2.3237356069642963,0.023327625254764398
B,C,0.37725310774561388,0.7077990521184685
