group 1,group 2,t-statistic,p-value
A,B,-0.5842312138633402,0.56211748560042296
A,C,-0.19408038348412127,0.84679109841089761
B,C,0.40572561034511279,0.68705387840951182
