group 1,group 2,t-statistic,p-value
A,B,-0.13701739880107905,0.89155653002607738
A,C,0.73921816040443544,0.46260970247805977
B,C,0.84217667172354749,0.40386577640488663
