group 1,group 2,t-statistic,p-value
A,B,-0.32819994923029883,0.74421819929950317
A,C,-0.054838028857638957,0.95644969787787937
B,C,0.30641351721128468,0.76070310671868457
