group 1,group 2,t-statistic,p-value
A,B,-2.577928945499969,0.013284523146634742
A,C,-1.3786572308671157,0.17358233084329025
B,C,1.0944271646251396,0.27972283094180989
