group 1,group 2,t-statistic,p-value
A,B,1.582692154948192,0.12065401999936985
A,C,0.86975915365866696,0.38808001895324462
B,C,-1.077489543418368,0.28756064098425882
