group 1,group 2,t-statistic,p-value
A,B,-0.36052398377587763,0.72010561972968812
A,C,-0.46988261162624306,0.64020083341531075
B,C,-0.011522782891836085,0.99086091410261501
