group 1,group 2,t-statistic,p-value
A,B,-0.53034834110727602,0.59866347376130391
A,C,0.057952560755722284,0.95401288840233189
B,C,0.5692422140737935,0.57282713942134178
