group 1,group 2,t-statistic,p-value
A,B,0.73353112141750809,0.46762138474317261
A,C,0.43489207316038675,0.6655898491161536
B,C,-0.58565546265883173,0.56209124568221192
