group 1,group 2,t-statistic,p-value
A,B,0.074176865839333347,0.94115983586876595
A,C,0.15277717328992504,0.87912315427031984
B,C,0.098588963189903692,0.92185111589096602
