group 1,group 2,t-statistic,p-value
A,B,0.24742718799407734,0.80559085983945278
A,C,0.3594950498252909,0.72060140591363819
B,C,0.16989434826948741,0.86579273523263378
