group 1,group 2,t-statistic,p-value
A,B,0.22276816412100364,0.82470217541702573
A,C,0.02386936619636925,0.98104166195591236
B,C,-0.28008056894814348,0.78067138877225084
