group 1,group 2,t-statistic,p-value
A,B,-0.39917917165434874,0.69160844348162653
A,C,0.38211322677456999,0.70382367076994901
B,C,0.84238223564648518,0.40393264204398294
