group 1,group 2,t-statistic,p-value
A,B,0.13740298666023507,0.89135364833620501
A,C,0.76392686477056337,0.44872901254666353
B,C,0.66923350589762398,0.50684311946208349
