group 1,group 2,t-statistic,p-value
A,B,0.072381720560454194,0.94256071298139588
A,C,-0.10558331455171456,0.91622380651896196
B,C,-0.1169309581600859,0.90743508879549284
