group 1,group 2,t-statistic,p-value
A,B,-0.1754634340280741,0.86134842131889111
A,C,0.032692692198154974,0.97401403835742073
B,C,0.21937693842549469,0.82734849384273912
