group 1,group 2,t-statistic,p-value
A,B,0.10238051830589065,0.91884844037384583
A,C,0.60537748628368737,0.54706898819603644
B,C,0.42900881809926983,0.6700100886529381
