group 1,group 2,t-statistic,p-value
A,B,0.67489747585262505,0.50304758344691036
A,C,0.97835969909832787,0.33189117097794885
B,C,0.22209047134421397,0.82531987348522795
