group 1,group 2,t-statistic,p-value
A,B,-0.19983953729853307,0.84246821960355422
A,C,0.57098169753234385,0.57033783075495148
B,C,0.58666106854296451,0.56072794484204236
