group 1,group 2,t-statistic,p-value
A,B,0.86201349820821527,0.39287922303519718
A,C,1.9606860061672062,0.05456287039955577
B,C,0.69762982138480423,0.48934627252920948
