group 1,group 2,t-statistic,p-value
A,B,0.11856638666426011,0.90619791120940096
A,C,0.8098101008672236,0.42167036590373741
B,C,0.71249939340786372,0.48074833939838824
