group 1,group 2,t-statistic,p-value
A,B,0.41355363089005165,0.68072620074142787
A,C,1.5281160883379092,0.13105523005017458
B,C,0.98926692983219089,0.32739262576336881
