group 1,group 2,t-statistic,p-value
A,B,2.0269666406463975,0.047352314206523395
A,C,1.3375437747654619,0.18556805574716437
B,C,-1.0155812934040218,0.31492077692210591
