group 1,group 2,t-statistic,p-value
A,B,0.24851302684227577,0.80463069772637685
A,C,1.1734553261975218,0.24503064436073826
B,C,0.86320581220708159,0.39250279168126745
