group 1,group 2,t-statistic,p-value
A,B,0.8955383439561525,0.37420108577580047
A,C,1.4898579892254662,0.14095429416935257
B,C,0.47078123136052713,0.63988605192088754
