group 1,group 2,t-statistic,p-value
A,B,1.4539656049315888,0.1515377108826049
A,C,2.0832643028217364,0.041164592057388476
B,C,0.6207546640221222,0.53763790625470431
