group 1,group 2,t-statistic,p-value
A,B,1.6823372781978545,0.098386791736688781
A,C,2.7665374320111549,0.0075537458592729954
B,C,1.3100285853803229,0.19698455505577314
