group 1,group 2,t-statistic,p-value
A,B,0.75991520919694855,0.45102166697005353
A,C,0.71493991452930439,0.47751415796766805
B,C,-0.075615760707781671,0.94008383479029478
