group 1,group 2,t-statistic,p-value
A,B,1.5506711986936399,0.12768874137030564
A,C,0.78446352737730796,0.43590658937594384
B,C,-0.38566407374734246,0.70160385076018783
