group 1,group 2,t-statistic,p-value
A,B,1.4598455526584682,0.15112871495410449
A,C,1.2112679925131635,0.23062204614921411
B,C,-0.55957797290952693,0.57867068488596196
