group 1,group 2,t-statistic,p-value
A,B,-0.021903486566287472,0.98260720034227234
A,C,-0.090081136532061803,0.92851312218965265
B,C,-0.056227704850397638,0.95540932996067363
