group 1,group 2,t-statistic,p-value
A,B,-1.117873575579722,0.26856971325878687
A,C,-0.97587745080020205,0.33279951368770844
B,C,0.080065188844214707,0.9365327296050272
