group 1,group 2,t-statistic,p-value
A,B,-0.87749606500530164,0.38441426789296895
A,C,0.80073783149255118,0.42660852805110994
B,C,1.5534773280782297,0.12763915830621755
