group 1,group 2,t-statistic,p-value
A,B,-1.0769219532304874,0.28678875689291283
A,C,0.13600774742186419,0.89230290357796449
B,C,1.1213011575828269,0.26868436305673377
