group 1,group 2,t-statistic,p-value
A,B,0.2369632859535428,0.81376072373210695
A,C,1.0874303039616526,0.28216686569355443
B,C,0.87112623246949161,0.38888371093343843
