group 1,group 2,t-statistic,p-value
A,B,0.0033615709584456405,0.99733239576287902
A,C,2.3261154246911802,0.024024650593045448
B,C,2.029711043050034,0.048909677525984435
