group 1,group 2,t-statistic,p-value
A,B,-1.8397962776072716,0.072118376877806659
A,C,-2.2501823442335063,0.028457574425747863
B,C,0.024817980893173254,0.98031769201846664
