group 1,group 2,t-statistic,p-value
A,B,-3.9543936834578566,0.00026275979394966171
A,C,-3.1285799999981965,0.0028534355610058144
B,C,0.507902895377212,0.6142431625501269
