group 1,group 2,t-statistic,p-value
A,B,0.61250582220939975,0.54366978635603203
A,C,-0.28723535321227839,0.77519474123563981
B,C,-0.59820843341467067,0.55334536533801659
