group 1,group 2,t-statistic,p-value
A,B,-0.029367244699370729,0.97670449906721513
A,C,-0.20041409857950124,0.84204018783882439
B,C,-0.17550572215282195,0.86172336249251047
