group 1,group 2,t-statistic,p-value
A,B,0.88741078576758459,0.37968299634770231
A,C,0.92851388324894635,0.35798789337897818
B,C,0.076727073698680662,0.93929040115650075
