group 1,group 2,t-statistic,p-value
A,B,-0.12265150019965862,0.90301294503018692
A,C,-0.58820247645286294,0.55940366419218779
B,C,-0.35666590042460244,0.72361247375573468
