group 1,group 2,t-statistic,p-value
A,B,-0.75785859940766154,0.452869800554346
A,C,0.79160634397094487,0.43303836234141446
B,C,1.4018396326706746,0.17089700450467216
