group 1,group 2,t-statistic,p-value
A,B,0.89495624781773297,0.37603460138378386
A,C,2.0710187819177199,0.044253837429717981
B,C,1.333084531026751,0.19163467630242731
