group 1,group 2,t-statistic,p-value
A,B,2.0592753073323569,0.039875056524988753
A,C,2.404071151298143,0.016492904751038484
B,C,0.3619610854578621,0.71756490092644409
