group 1,group 2,t-statistic,p-value
A,B,1.7483880470159536,0.080869667144903137
A,C,3.8736528842559075,0.0001178030631888653
B,C,1.900477972381043,0.058040498435481896
