group 1,group 2,t-statistic,p-value
A,B,-0.8806385445214161,0.37890744116576991
A,C,-0.15645636616735681,0.87573041029754828
B,C,0.65263967459571237,0.51440055323224643
