group 1,group 2,t-statistic,p-value
A,B,-0.70756467450463045,0.48200135986107762
A,C,-1.5295114097820255,0.13166883808271149
B,C,-0.96453381774824398,0.33961283109716267
