group 1,group 2,t-statistic,p-value
A,B,0.91824059830730909,0.36281531615381313
A,C,-0.62402587433633994,0.53544748573050915
B,C,-2.1390598023712357,0.038150521233737182
