group 1,group 2,t-statistic,p-value
A,B,0.4448949489498677,0.65827819103518748
A,C,0.024295872599894044,0.98071331194645817
B,C,-0.50324421500486705,0.61736082944634518
