group 1,group 2,t-statistic,p-value
A,B,-0.20050368323612031,0.8419000232005831
A,C,-0.69476561509374524,0.49062272168496035
B,C,-0.66018618199671364,0.5126554713852185
