group 1,group 2,t-statistic,p-value
A,B,1.3718083573347397,0.17650124822573562
A,C,-0.37780815951357427,0.70734936455091812
B,C,-2.0762951401173413,0.043878588107727767
