group 1,group 2,t-statistic,p-value
A,B,-0.41744061685393313,0.67883531903160688
A,C,0.97669203691025364,0.33474138099324491
B,C,1.2703122063491641,0.2123533908932472
