group 1,group 2,t-statistic,p-value
A,B,-0.13140015702903574,0.89611745881732896
A,C,0.37863390314875039,0.70686702753447961
B,C,0.42133601460750225,0.67588355514265341
