group 1,group 2,t-statistic,p-value
A,B,0.73365612695556837,0.46754604071816641
A,C,0.42683136554969581,0.67173521507857004
B,C,-0.20618502952568896,0.83774711567783078
