group 1,group 2,t-statistic,p-value
A,B,0.27941939984199954,0.78152209160839581
A,C,-1.6253058338870616,0.11455854733234742
B,C,-1.6678304642623984,0.10735085499735968
