group 1,group 2,t-statistic,p-value
A,B,0.21103135858904346,0.83405285468436718
A,C,-0.15303819573679669,0.87932911535312086
B,C,-0.27290318072493813,0.7869303522963681
