group 1,group 2,t-statistic,p-value
A,B,-1.5935676614837824,0.11819215499034312
A,C,-1.9879678635637363,0.054252577279287423
B,C,0.069822674564035098,0.94481405819671627
