group 1,group 2,t-statistic,p-value
A,B,-1.2681230228185352,0.21157733062654691
A,C,-2.4959248400757312,0.017281636613450821
B,C,-0.6736267144245186,0.50588252167038461
