group 1,group 2,t-statistic,p-value
A,B,-1.0361233089010484,0.30686916662305097
A,C,-1.7943130252919577,0.08396920838656631
B,C,-0.40163242851479097,0.69150862971448457
