group 1,group 2,t-statistic,p-value
A,B,-1.2513359421615624,0.21846092741128592
A,C,-0.45120548817232053,0.6551975298918884
B,C,0.63746951444865241,0.52918822765350282
