group 1,group 2,t-statistic,p-value
A,B,-2.21274121972175,0.032274533816679885
A,C,-1.813197793519389,0.07770585408314723
B,C,0.56896003888269975,0.57348271732895473
