group 1,group 2,t-statistic,p-value
A,B,-2.1621925396214299,0.036347614491964671
A,C,-1.7494080179227349,0.088511953940816637
B,C,0.63659386220172742,0.52938266057959993
