group 1,group 2,t-statistic,p-value
A,B,-1.3348418246908123,0.1934998755694522
A,C,-1.86335678414369,0.07374514539929547
B,C,-0.35157433060435406,0.72974478406185228
