group 1,group 2,t-statistic,p-value
A,B,-1.3935197102497729,0.17115783299922779
A,C,-0.1464917717072812,0.88432845137635085
B,C,1.4411084969452914,0.15753546000686489
