group 1,group 2,t-statistic,p-value
A,B,-1.4059959002578464,0.16829830808254881
A,C,0.071968074094637,0.9430370063205078
B,C,1.7794474638691267,0.084378608410739464
