group 1,group 2,t-statistic,p-value
A,B,-1.1469777022895045,0.25895692743892057
A,C,-0.56677214313917179,0.57438603676813638
B,C,0.62165892181911242,0.53857019917199567
