group 1,group 2,t-statistic,p-value
A,B,-0.28485069508751049,0.7774372857779398
A,C,-1.0088026838891511,0.32019508659469692
B,C,-0.74236434766292791,0.46345490748990614
