group 1,group 2,t-statistic,p-value
A,B,2.1345608740431379,0.040810720106122425
A,C,2.2456831901483141,0.031140097599910981
B,C,-0.13755893350408752,0.89145092713778762
