group 1,group 2,t-statistic,p-value
A,B,0.48950208464999673,0.62816862819281005
A,C,-0.99486974148040386,0.32726343693752658
B,C,-1.539637407500146,0.13528773754382983
