group 1,group 2,t-statistic,p-value
A,B,-0.56744168397056349,0.57493602874691163
A,C,-1.180397223956106,0.24682062651902306
B,C,-0.62538110170725481,0.53738842237553308
