group 1,group 2,t-statistic,p-value
A,B,-0.57457854784836671,0.57051497483721425
A,C,-1.6182562353532226,0.11681868712384501
B,C,-1.1962286656668519,0.24329198945841371
