group 1,group 2,t-statistic,p-value
A,B,0.53663165928217516,0.59561529804682123
A,C,-0.064499777599953581,0.94903057966356164
B,C,-0.58719088239373318,0.56234162873361582
