group 1,group 2,t-statistic,p-value
A,B,-1.4972134668286394,0.14552671591405328
A,C,0.20253277906940712,0.84086754034826172
B,C,1.6628010075164845,0.10935888705156736
