group 1,group 2,t-statistic,p-value
A,B,0.74604631697364499,0.46185746769039115
A,C,0.75980797783576315,0.45329922970046532
B,C,-0.055668909775961846,0.95606642132330588
