group 1,group 2,t-statistic,p-value
A,B,-0.62892778416040551,0.53315907194414747
A,C,-0.50127985987450607,0.61922581730837578
B,C,0.12341659725730707,0.90250391988047873
