group 1,group 2,t-statistic,p-value
A,B,-1.3576172711580081,0.18259323915160505
A,C,-0.45388930227132862,0.65263311442673588
B,C,0.84957100753755066,0.40150640558358131
