group 1,group 2,t-statistic,p-value
A,B,-1.4516620356451915,0.15550108770518853
A,C,-1.8570220374730619,0.071504787028309494
B,C,0.57239143570375894,0.5707155808495723
