group 1,group 2,t-statistic,p-value
A,B,0.59387987241246831,0.55753585698121055
A,C,-0.49047124439609763,0.62807781826801312
B,C,-1.3687556592110799,0.18375187837959633
