group 1,group 2,t-statistic,p-value
A,B,-0.36069560954511681,0.72161868707581589
A,C,-0.35947069321378816,0.72252239986556077
B,C,-0.042720213349859266,0.96630992928972326
