group 1,group 2,t-statistic,p-value
A,B,-1.1241668491324317,0.26859346972390463
A,C,0.91667808108307591,0.36662203509619906
B,C,1.650363940172989,0.10896574634989686
