group 1,group 2,t-statistic,p-value
A,B,-0.51164522300551218,0.61252488031327601
A,C,1.169970373174178,0.25122402359725809
B,C,2.2880573002835747,0.030188346974089217
