group 1,group 2,t-statistic,p-value
A,B,0.96704373298960633,0.34243207325954084
A,C,0.060153997964031244,0.95251128076777136
B,C,-1.2269024093820644,0.2297271416255473
