group 1,group 2,t-statistic,p-value
A,B,0.63569170852188717,0.52979721845951744
A,C,-0.20041215968097481,0.8426602052576927
B,C,-0.97319873433867854,0.33850272357208921
