group 1,group 2,t-statistic,p-value
A,B,1.1456829234509769,0.26098362566453132
A,C,1.0413808739016097,0.30660768015717754
B,C,-0.12838187807338083,0.89870356310905852
