group 1,group 2,t-statistic,p-value
A,B,0.16695642353318502,0.86856306249640336
A,C,-0.52504626538083909,0.60417666056197128
B,C,-0.72588825013168945,0.47393155706328083
