group 1,group 2,t-statistic,p-value
A,B,0.26004885857083021,0.79666356185394405
A,C,0.15898715776181224,0.87500932422882138
B,C,-0.095525265066008586,0.92460309320100387
