group 1,group 2,t-statistic,p-value
A,B,-0.22969462578405553,0.81994149243961223
A,C,0.18290841675372724,0.8565450083514804
B,C,0.43222852862001732,0.66808403345955747
