group 1,group 2,t-statistic,p-value
A,B,-0.92814859252867721,0.35889764648131783
A,C,-0.39759622138472539,0.69341317420340243
B,C,0.64354660632033422,0.52373460994627408
