group 1,group 2,t-statistic,p-value
A,B,-0.26844307703071418,0.78984937555134294
A,C,0.29742917480061554,0.7680032423302583
B,C,0.59566249963629592,0.55493214261525992
