group 1,group 2,t-statistic,p-value
A,B,-1.1401586824651615,0.26135577500414814
A,C,-0.74895479803345422,0.45919000455409742
B,C,-0.038636742892761984,0.96937711348339362
