group 1,group 2,t-statistic,p-value
A,B,-0.99615901562946751,0.32582183839560719
A,C,-1.147835244588554,0.26074942345200092
B,C,-0.27633037785552994,0.78396717092791579
