group 1,group 2,t-statistic,p-value
A,B,-2.5463724083703041,0.015306515667515055
A,C,-0.98250563484050268,0.33370856251691317
B,C,0.79652209157491016,0.43095037229952871
