group 1,group 2,t-statistic,p-value
A,B,0.50348719471279091,0.61829893549219195
A,C,-1.4062074350466394,0.17247864656248257
B,C,-2.2440876131043908,0.032915895297973015
