group 1,group 2,t-statistic,p-value
A,B,-0.22390345679606169,0.82430151941591912
A,C,1.1673432913299691,0.25327793846974195
B,C,1.4967546053580181,0.14649909429598354
