group 1,group 2,t-statistic,p-value
A,B,0.86273789017590896,0.39450838189366821
A,C,1.8908163606166835,0.068677883950820307
B,C,1.8025291422495744,0.082237017248006472
