group 1,group 2,t-statistic,p-value
A,B,-0.20614131488672513,0.83817210631746475
A,C,-0.31004247224436737,0.75909847938143404
B,C,-0.15812363113001979,0.87562969527082501
