group 1,group 2,t-statistic,p-value
A,B,-0.034865903426375043,0.97233432777606976
A,C,0.29101576153056286,0.77254296843860282
B,C,0.42225467194115307,0.67504529956096482
