group 1,group 2,t-statistic,p-value
A,B,-0.18145486449560103,0.85677463813855692
A,C,-0.10948402662713791,0.9133527144894078
B,C,0.034967925689770182,0.97227500981893955
