group 1,group 2,t-statistic,p-value
A,B,-0.072890819527335157,0.94223100731819853
A,C,1.2143467806564707,0.23191734556678817
B,C,1.345630674162775,0.18600006474921812
