group 1,group 2,t-statistic,p-value
A,B,-0.35933784967736276,0.72110102400012455
A,C,-0.46710425597310201,0.64316445895664587
B,C,-0.22153243758163113,0.82586407717712695
