group 1,group 2,t-statistic,p-value
A,B,-0.69273721620184803,0.49219904391264924
A,C,0.015863475697408123,0.98743090114210563
B,C,0.58939584577751247,0.55899487263254466
