group 1,group 2,t-statistic,p-value
A,B,0.040547278238669889,0.96783229452640496
A,C,0.75949982818188133,0.45212022299318122
B,C,0.98714823244969996,0.32936001251478586
