group 1,group 2,t-statistic,p-value
A,B,0.47853904974402711,0.63500855655050481
A,C,0.48351876725968035,0.63182692339999702
B,C,-0.08210991085982941,0.93507076620433871
