group 1,group 2,t-statistic,p-value
A,B,-0.4011790691488466,0.68848129028857863
A,C,-0.12531517332463293,0.90032914696960809
B,C,0.21111001054911901,0.83294818228655454
