group 1,group 2,t-statistic,p-value
A,B,0.103239715601709,0.91781830672136255
A,C,0.46528859610936241,0.64194122950476651
B,C,0.30528470013243048,0.76035824769876026
