group 1,group 2,t-statistic,p-value
A,B,0.19031311736683526,0.8491561654486679
A,C,1.4741163419424232,0.14118197512475458
B,C,1.0832492206547701,0.2796432394736198
