group 1,group 2,t-statistic,p-value
A,B,-2.1569979506120078,0.031563228301662631
A,C,-0.11848468907470423,0.90573697055913194
B,C,1.6983575827812383,0.090524088537735414
