group 1,group 2,t-statistic,p-value
A,B,-0.42823840053988771,0.66869552320916625
A,C,0.97969663155076137,0.32777424511310549
B,C,1.1849740939537303,0.23703605895035407
