group 1,group 2,t-statistic,p-value
A,B,-1.7035319260016257,0.089211830033534084
A,C,-0.29847858351053297,0.76548110158668525
B,C,1.174497918683687,0.24121167847013886
