group 1,group 2,t-statistic,p-value
A,B,-2.0085884291793263,0.045260940469587389
A,C,1.2951928292456436,0.19599334607143232
B,C,2.7857513099979667,0.0057230760917688604
