group 1,group 2,t-statistic,p-value
A,B,-0.85640937006867035,0.39227780500589438
A,C,0.88198809279523394,0.37829380410180991
B,C,1.5376058637136749,0.125307455249862
