group 1,group 2,t-statistic,p-value
A,B,-0.076637096389129328,0.93895215997730386
A,C,1.7723298057157151,0.077114495793515897
B,C,1.7133771672162914,0.087830578810439333
