group 1,group 2,t-statistic,p-value
A,B,-1.8416993849054639,0.066306552320480716
A,C,1.9572268329229827,0.051043011575502652
B,C,3.2443087198006273,0.0013346544926799862
