group 1,group 2,t-statistic,p-value
A,B,-1.6461601974476208,0.10068858064475562
A,C,-0.22906118369790915,0.81895669654881487
B,C,1.35002059324221,0.17826037797583064
