group 1,group 2,t-statistic,p-value
A,B,1.2684693392603723,0.21074797885736066
A,C,0.65464171648403047,0.51674758349638539
B,C,-0.69389041223666847,0.49166390647723812
