group 1,group 2,t-statistic,p-value
A,B,0.2162419508859974,0.82971552797384041
A,C,-0.44128272141752123,0.66157641208237861
B,C,-0.62794580690116597,0.5335217149501188
