group 1,group 2,t-statistic,p-value
A,B,1.1409480063051511,0.2599272814721455
A,C,0.59808143277495918,0.55352990929615198
B,C,-0.58494195975198993,0.56213719527915285
