group 1,group 2,t-statistic,p-value
A,B,-0.64774455385025853,0.5206755072230661
A,C,-1.5676922606077202,0.12595074796741232
B,C,-0.91311656096271843,0.3674286435548445
