group 1,group 2,t-statistic,p-value
A,B,0.20568017527613286,0.83808397146352076
A,C,-0.74875908212355813,0.45915132831449323
B,C,-1.2737472979194882,0.21192730766644544
