group 1,group 2,t-statistic,p-value
A,B,1.5031199098352204,0.14177841082034151
A,C,1.4316905050108941,0.16292263041405269
B,C,0.37171700579915029,0.71255368407640085
