group 1,group 2,t-statistic,p-value
A,B,0.61079393619873323,0.54528242785794689
A,C,1.0483311799142756,0.30345121061895564
B,C,0.89362487109756361,0.37840807178277958
