group 1,group 2,t-statistic,p-value
A,B,2.6852183022171174,0.011124537331351625
A,C,2.0088641749633722,0.055928771978305369
B,C,-0.24882128595318778,0.80519461431790973
