group 1,group 2,t-statistic,p-value
A,B,0.065130634094054868,0.94843033038471891
A,C,0.87251558845527277,0.38985727359464772
B,C,1.2852383934175051,0.2073952471376595
