group 1,group 2,t-statistic,p-value
A,B,0.66501910372939488,0.51039685418508296
A,C,1.0715951242389232,0.29273929155378803
B,C,0.64112367207565424,0.52574072432105134
