group 1,group 2,t-statistic,p-value
A,B,2.2340142150295965,0.032832770516110943
A,C,2.4653172399612537,0.020904823511327195
B,C,0.57875960373822144,0.56707166439599122
