group 1,group 2,t-statistic,p-value
A,B,1.4690036129877659,0.15130102590632061
A,C,1.4657177295869701,0.15427505978532083
B,C,0.36722715869518469,0.71586709208005206
