group 1,group 2,t-statistic,p-value
A,B,1.5809018178614074,0.12289656576471167
A,C,1.8312033578645428,0.078553575200520198
B,C,0.89517764319343318,0.37717543451370694
