group 1,group 2,t-statistic,p-value
A,B,1.4171586066728021,0.16553549066379197
A,C,2.1238421453318654,0.043358586828486111
B,C,1.3611032050097758,0.18298977678521469
