group 1,group 2,t-statistic,p-value
A,B,1.5925836372459676,0.12108506845737779
A,C,2.1694728283851599,0.038689224282717836
B,C,1.5706038298764933,0.12611133101358937
