group 1,group 2,t-statistic,p-value
A,B,1.0371759419240094,0.30742815271568885
A,C,1.4187044299921481,0.16702108941226096
B,C,0.87453549088055293,0.38834331953801893
