group 1,group 2,t-statistic,p-value
A,B,1.0677024074362431,0.2938992428452743
A,C,1.2384405963102163,0.22661830615633832
B,C,0.42068300457690372,0.67708779421729104
