group 1,group 2,t-statistic,p-value
A,B,1.5807467909628927,0.12408667238145808
A,C,1.2815983746572834,0.21129550523352408
B,C,-0.25007821935354202,0.80428997545122927
