group 1,group 2,t-statistic,p-value
A,B,1.1344953842904624,0.26620626522606083
A,C,1.5471918432320055,0.13438377135837434
B,C,0.65780246636442319,0.5162346333152249
