group 1,group 2,t-statistic,p-value
A,B,0.79778934966619086,0.43147721232933267
A,C,0.98494554233647591,0.33372843251100226
B,C,0.3962697932209357,0.69502044934252516
