group 1,group 2,t-statistic,p-value
A,B,0.16621249186837705,0.86918414750301876
A,C,1.3753756520804061,0.18121508856796908
B,C,1.4676287209956242,0.15296796160060888
