group 1,group 2,t-statistic,p-value
A,B,-0.9451666694805243,0.35361991681189575
A,C,-1.1945242561365077,0.24968106502202192
B,C,-0.15977570792967438,0.87445262809450597
