group 1,group 2,t-statistic,p-value
A,B,-0.1264629616473818,0.90056847763706083
A,C,-0.20829445338091998,0.83762747749053712
B,C,-0.058803986531833177,0.95354130423043459
