group 1,group 2,t-statistic,p-value
A,B,1.3773617819858908,0.18290494589965833
A,C,1.1742315820260263,0.25748420494172863
B,C,-0.13446454106618963,0.8940326001122525
