group 1,group 2,t-statistic,p-value
A,B,1.7038766729597865,0.10315821273251422
A,C,1.5787058218196168,0.1339676981983757
B,C,-0.025760165095656186,0.97963808744955738
