group 1,group 2,t-statistic,p-value
A,B,0.19494214371040058,0.84689775278281865
A,C,-0.40156991685145721,0.69141276645025918
B,C,-0.79598245102579646,0.43273922819861654
