group 1,group 2,t-statistic,p-value
A,B,1.1578718772911305,0.25785889846994492
A,C,0.84550733351356022,0.40692983450869935
B,C,-0.44161189918683447,0.66289413556720167
