group 1,group 2,t-statistic,p-value
A,B,0.53246119418853122,0.5987616880200759
A,C,1.6269596541373599,0.11628576800072282
B,C,0.97109166443566386,0.3398172663620358
