group 1,group 2,t-statistic,p-value
A,B,0.042204505722530219,0.96664623477483869
A,C,0.32193687513443492,0.750074695820107
B,C,0.28328573595648993,0.77897030922929322
