group 1,group 2,t-statistic,p-value
A,B,-0.095506273889753204,0.9248631765560551
A,C,1.8119599758909775,0.084318080073396126
B,C,1.9948674944113371,0.058038705566357721
