group 1,group 2,t-statistic,p-value
A,B,0.91101387705930847,0.37432738974858482
A,C,0.62044114280020024,0.54319620545510083
B,C,-0.31201405081033223,0.75842799645580872
