group 1,group 2,t-statistic,p-value
A,B,-0.75628453574172927,0.46119212088160955
A,C,-0.21180299937089528,0.83464047186336854
B,C,0.78421132992912301,0.44370674635856922
