group 1,group 2,t-statistic,p-value
A,B,-0.87802249635678997,0.39217213985821997
A,C,0.30089057162932281,0.7671468813849831
B,C,1.0973201085667366,0.28696471173963845
