group 1,group 2,t-statistic,p-value
A,B,0.41060442097963773,0.68649150528980485
A,C,-0.71332726991844397,0.48591844967751607
B,C,-1.1269197518660981,0.27543253131026241
