group 1,group 2,t-statistic,p-value
A,B,-3.147231994578509,0.0066438639389890426
A,C,-0.9312753869544278,0.36555106919076963
B,C,0.56146292230431039,0.58104484372247123
