group 1,group 2,t-statistic,p-value
A,B,-1.7154008300800159,0.10684869233568271
A,C,-0.62722538601492728,0.53935986891758647
B,C,0.6625375855811988,0.51558394527065932
