group 1,group 2,t-statistic,p-value
A,B,-2.8868050699869419,0.011949531252780291
A,C,-1.2358344022174645,0.23240609577881891
B,C,1.3577938703201045,0.19337093306844588
