group 1,group 2,t-statistic,p-value
A,B,0.057530093554604478,0.95456280127841908
A,C,-0.14133505033711022,0.88901918445355999
B,C,-0.39680237454038358,0.69617838513810915
