group 1,group 2,t-statistic,p-value
A,B,0.21477426480897588,0.83168566868651794
A,C,-0.15409990669360249,0.87915601505952179
B,C,-0.63520675414264594,0.53328605828470621
