group 1,group 2,t-statistic,p-value
A,B,0.62180470130468701,0.54109432638623089
A,C,-0.69502388558857509,0.49701069014172661
B,C,-1.0286516305191751,0.32108848096374748
