group 1,group 2,t-statistic,p-value
A,B,-0.28695524622686025,0.77695884682993432
A,C,-0.67606917566534375,0.50928714102457506
B,C,-0.46816924450271791,0.6468689045268754
