group 1,group 2,t-statistic,p-value
A,B,-1.1046654788711585,0.28469486942063127
A,C,0.95740689828950265,0.35260607249731346
B,C,1.6844020785414617,0.11279152410203411
