group 1,group 2,t-statistic,p-value
A,B,0.22377575930995586,0.82545195757384893
A,C,1.2238083561875097,0.23680313326470542
B,C,0.59296598750438423,0.55925077293612202
