group 1,group 2,t-statistic,p-value
A,B,-0.60937288528030309,0.54989241499521879
A,C,-0.5334962996288527,0.600216545767565
B,C,0.10562654151745106,0.91683584850072131
