group 1,group 2,t-statistic,p-value
A,B,-0.47038573958820679,0.64372883679214521
A,C,-0.39438915801511365,0.69884427121499926
B,C,0.20214124292420513,0.84195497165922872
