group 1,group 2,t-statistic,p-value
A,B,-1.140943731392609,0.26971189830923825
A,C,0.038715168567159987,0.96966414165974135
B,C,1.4227275992382558,0.17102687109229911
