group 1,group 2,t-statistic,p-value
A,B,-1.9408187320483525,0.069048065325387084
A,C,-1.18170195394637,0.25700817065584336
B,C,0.19594540824693557,0.84673335580942299
