group 1,group 2,t-statistic,p-value
A,B,0.026353997067937254,0.97926496767611382
A,C,-0.46757437066420821,0.64783012625857794
B,C,-0.64501328903809774,0.52663109217912463
