group 1,group 2,t-statistic,p-value
A,B,0.17734842611713883,0.86121513594333921
A,C,0.93598628062345768,0.36634287433794743
B,C,0.75926086958509242,0.45701370116211293
