group 1,group 2,t-statistic,p-value
A,B,-0.61869342169740349,0.5443201701803273
A,C,-0.60786211569434845,0.55301247305959222
B,C,0.036414497648755692,0.9713760374601359
