group 1,group 2,t-statistic,p-value
A,B,0.71078988671819499,0.48632331647754046
A,C,1.1560583698156013,0.26462848820051693
B,C,0.60008318468985933,0.5559309368644203
