group 1,group 2,t-statistic,p-value
A,B,-0.45617435548907448,0.65479969579430075
A,C,-1.2717973584180757,0.22754049237619198
B,C,-1.5621306155797379,0.13910475280667217
