group 1,group 2,t-statistic,p-value
A,B,-1.0113545985265675,0.32788352037902591
A,C,-0.91940388417342322,0.37599588796659789
B,C,-0.48205462724366233,0.63672529958185342
