group 1,group 2,t-statistic,p-value
A,B,0.43005635666602787,0.67545865064112176
A,C,0.55598789191196729,0.58934924936292432
B,C,0.23634963291198505,0.81658431028876299
