group 1,group 2,t-statistic,p-value
A,B,-0.40053507912040565,0.68900752666743714
A,C,1.5157622178714256,0.13048208256990843
B,C,1.7480621788948252,0.081737356170391184
