group 1,group 2,t-statistic,p-value
A,B,0.66149357392337516,0.50872494228975196
A,C,1.051044858460634,0.29395292019903968
B,C,0.39597628295183618,0.69247431911624857
