group 1,group 2,t-statistic,p-value
A,B,-0.64381884717233773,0.52022753497084573
A,C,-0.74461760674887001,0.4571251914503468
B,C,-0.086126832385915203,0.93145396295799532
