group 1,group 2,t-statistic,p-value
A,B,-1.6614569568351771,0.097725139789252152
A,C,-0.90720437845956825,0.36505193358335863
B,C,0.70105370435308512,0.4840762978471812
