group 1,group 2,t-statistic,p-value
A,B,-0.39258509931201574,0.69492678399064189
A,C,0.0014962153683286729,0.9988072437265676
B,C,0.32180979502374135,0.74793628074875262
