group 1,group 2,t-statistic,p-value
A,B,-0.96575841135261875,0.33512919180902356
A,C,0.010249829267613149,0.99183013717289836
B,C,0.90560915088235827,0.36639504979567905
