group 1,group 2,t-statistic,p-value
A,B,-0.046315026273355618,0.96359889290613066
A,C,-1.7079075594204911,0.10584807544844907
B,C,-1.7726547519424369,0.095322156226244556
