group 1,group 2,t-statistic,p-value
A,B,-0.047804709840084947,0.96234603883575565
A,C,0.37203909044280636,0.71398079935009928
B,C,0.40996398047978677,0.68695231639447996
