group 1,group 2,t-statistic,p-value
A,B,-0.17998445973450033,0.85974394032427459
A,C,1.1274022983578507,0.28161097739341623
B,C,1.4644818299715587,0.16876372914255153
