group 1,group 2,t-statistic,p-value
A,B,-0.52517193355283731,0.60553859231485974
A,C,0.11673815480853535,0.90861622186650415
B,C,0.66965561803161455,0.51575612844867946
