group 1,group 2,t-statistic,p-value
A,B,-0.61396434329100458,0.54736776244642971
A,C,0.28608758096667258,0.77900069515019665
B,C,1.2487994293319391,0.24324304491650642
