group 1,group 2,t-statistic,p-value
A,B,-1.433146143152505,0.17376894903033815
A,C,0.053087114012270023,0.9586143443866777
B,C,1.417413767524609,0.18405947461234001
