group 1,group 2,t-statistic,p-value
A,B,-0.17280855874957005,0.86473020743318274
A,C,1.0294150772053248,0.32074215991666699
B,C,2.0843385611456902,0.059166263583098476
