group 1,group 2,t-statistic,p-value
A,B,-0.60745983710054674,0.55207042472442103
A,C,-0.58800694631469497,0.56840305879144171
B,C,-0.12710592810568497,0.90165109873446647
