group 1,group 2,t-statistic,p-value
A,B,-1.8334182331578608,0.085411331983514638
A,C,-0.17344188554838202,0.86545457119551905
B,C,1.84235180369747,0.098542486891981695
