group 1,group 2,t-statistic,p-value
A,B,-0.91990908579417952,0.372177868082196
A,C,0.17098984557839822,0.86733646186286217
B,C,0.96882375595518344,0.3610071074454429
