group 1,group 2,t-statistic,p-value
A,B,-0.79202766297837257,0.43925740480888353
A,C,0.15428071052440662,0.87944505817581353
B,C,1.4334043168070227,0.17727972734444733
