group 1,group 2,t-statistic,p-value
A,B,-1.9772883412714533,0.064457137954204921
A,C,-0.76985436275848595,0.45260344832930699
B,C,1.1882175862199986,0.25600258039848744
