group 1,group 2,t-statistic,p-value
A,B,-0.15886027501076358,0.87576686512319313
A,C,-1.1083856495159765,0.28515143900230272
B,C,-1.1169427836728731,0.2878217159439822
