group 1,group 2,t-statistic,p-value
A,B,0.83129584268242629,0.41804024652570526
A,C,1.253686746426985,0.22914410093076604
B,C,1.0008478554010154,0.33840851254796389
