group 1,group 2,t-statistic,p-value
A,B,0.68409255399318591,0.50434910792703846
A,C,-0.063117268826088951,0.95063328813819348
B,C,-0.69094995085091748,0.50914542561834508
