group 1,group 2,t-statistic,p-value
A,B,-0.74305624991219499,0.46759272725949552
A,C,-0.61296735315975437,0.55047154065002735
B,C,-0.052926613363385749,0.95883276309031817
