group 1,group 2,t-statistic,p-value
A,B,-1.1582504589113427,0.2637588653235069
A,C,-0.25346793230199455,0.80387100146639578
B,C,0.69993859519974355,0.50165559822698325
