group 1,group 2,t-statistic,p-value
A,B,-0.21636315881071636,0.83127968820671816
A,C,0.49179165246829992,0.62998553049995043
B,C,0.78686276579913839,0.44447891989300492
