group 1,group 2,t-statistic,p-value
A,B,0.69833716278377811,0.49565115276812022
A,C,0.43545086382363135,0.66987366133186743
B,C,-0.11481149541155355,0.91066346990585534
