group 1,group 2,t-statistic,p-value
A,B,-1.3662453678135402,0.19199565738248489
A,C,-1.2405796188030285,0.23846897939282879
B,C,-0.19076202756792476,0.85218718601942933
