group 1,group 2,t-statistic,p-value
A,B,1.0110568625083312,0.3280213740484339
A,C,0.75534994039365733,0.46350560602192914
B,C,-0.0023115028399352503,0.99819367181427365
