group 1,group 2,t-statistic,p-value
A,B,-0.32140186155667899,0.75234078529515269
A,C,1.2034200475748362,0.24631795772458973
B,C,1.8444801051629454,0.092188795614361913
