group 1,group 2,t-statistic,p-value
A,B,0.042576947408255489,0.96656558445587093
A,C,-0.97792191350216073,0.34362240790776466
B,C,-0.97525267420387807,0.35039454711157814
