group 1,group 2,t-statistic,p-value
A,B,-0.0056557646539109321,0.99555729499620671
A,C,-1.4443603856831868,0.17064428879466387
B,C,-1.3720986136025686,0.20002562196755511
