group 1,group 2,t-statistic,p-value
A,B,-0.23327304045797223,0.81850756930845492
A,C,0.77381880655744051,0.450321051332914
B,C,1.0701193850110824,0.30561817720890644
