group 1,group 2,t-statistic,p-value
A,B,-1.0960807728770108,0.28926779644027611
A,C,-0.23441992992695207,0.81763241429618105
B,C,0.7686562541852584,0.45695911739260431
