group 1,group 2,t-statistic,p-value
A,B,-0.61260425282351538,0.54874675304860521
A,C,1.243775036219841,0.23266979943413327
B,C,1.382610252646904,0.19420906035972496
