group 1,group 2,t-statistic,p-value
A,B,-1.1747868622139102,0.2572682417459301
A,C,-1.2955658273823691,0.2176580072486429
B,C,-0.1337788721006942,0.89652111564280212
