group 1,group 2,t-statistic,p-value
A,B,0.26871437618185878,0.79138331962930364
A,C,-0.036287625522904633,0.97153153505142753
B,C,-0.31077969755270957,0.76234926617189158
