group 1,group 2,t-statistic,p-value
A,B,-0.8624638786823452,0.40117497635964172
A,C,-0.38870777677638912,0.70333980214379976
B,C,0.41333748651106617,0.68808339848084565
