group 1,group 2,t-statistic,p-value
A,B,-0.48464512846323693,0.63542287464864744
A,C,0.70277037103324913,0.49560681415098018
B,C,1.3220862170339125,0.21558183558968644
