group 1,group 2,t-statistic,p-value
A,B,0.037931937855780452,0.97027753544125805
A,C,0.47374598264040224,0.64353843932124311
B,C,0.55379145353014647,0.59080091277681568
