group 1,group 2,t-statistic,p-value
A,B,-0.89510813102365594,0.38586052692371831
A,C,-0.70795046073217804,0.4914748108737631
B,C,-0.15031564059778205,0.8832364617708317
