group 1,group 2,t-statistic,p-value
A,B,-0.66674565264763819,0.51659415561075783
A,C,-0.48459453530095986,0.63746928140693393
B,C,0.01222881065357225,0.99048359540229214
