group 1,group 2,t-statistic,p-value
A,B,-0.31869729457915058,0.75435061746717369
A,C,0.48890705541360263,0.63247757178535613
B,C,0.60751493561103787,0.55852407047705799
