group 1,group 2,t-statistic,p-value
A,B,-0.94621831629220543,0.35903177440613832
A,C,1.0295777850397732,0.32351416859157511
B,C,1.6532765559068434,0.14225273087748028
