group 1,group 2,t-statistic,p-value
A,B,-0.1616852023309758,0.87357787434606671
A,C,-0.1261713329580153,0.90152679349679277
B,C,0.0049549935909526683,0.99615459651068405
