group 1,group 2,t-statistic,p-value
A,B,-0.35004849372197561,0.73116897097553424
A,C,-1.0308774946519688,0.32292870412482211
B,C,-0.67762681144275283,0.51976942890594702
