group 1,group 2,t-statistic,p-value
A,B,-0.83034700446954812,0.419362866509566
A,C,-0.19304781586148051,0.85015033001434004
B,C,0.3678495169347713,0.72385634317129099
