group 1,group 2,t-statistic,p-value
A,B,-0.77675616547449433,0.45022810408144687
A,C,-0.89101694109951213,0.39199252748822377
B,C,-0.3868280865266383,0.71037423053091597
