group 1,group 2,t-statistic,p-value
A,B,-0.66726427767302066,0.51627341695016704
A,C,-0.049473460427137746,0.96142887900569618
B,C,0.41688847478532048,0.69126399150035511
