group 1,group 2,t-statistic,p-value
A,B,-0.012961002181253092,0.98984179638472747
A,C,0.082949368658497113,0.93525942463941802
B,C,0.078599074662283538,0.9399072887507075
