group 1,group 2,t-statistic,p-value
A,B,0.29689345166255748,0.77090711478820295
A,C,-0.15071155023029156,0.88270702309189319
B,C,-0.31524331181808968,0.76325298728501345
