group 1,group 2,t-statistic,p-value
A,B,-1.4169181101217669,0.19425053925912994
A,C,-0.34590934462908673,0.73593603007708719
B,C,1.4089344397452539,0.19245436659802728
