group 1,group 2,t-statistic,p-value
A,B,-0.43302134270626602,0.67519135165368316
A,C,0.37038796057466716,0.71754854459885642
B,C,0.73542619090079631,0.48080483106473271
