group 1,group 2,t-statistic,p-value
A,B,0.081944986223657063,0.93648394477400365
A,C,1.407550316381091,0.18958044842196675
B,C,1.0792166258899143,0.31626773573259559
