group 1,group 2,t-statistic,p-value
A,B,-2.5574707685630504,0.030814727670595791
A,C,0.038367433589610811,0.9701498755813498
B,C,2.5622874954393158,0.037426506305324861
