group 1,group 2,t-statistic,p-value
A,B,-0.83066046645695157,0.43357961860025551
A,C,-1.3689169258490339,0.22005893974402577
B,C,-0.32976332160513411,0.7512273010679168
