group 1,group 2,t-statistic,p-value
A,B,-1.728027328358863,0.1222474467055966
A,C,-0.53766549954354892,0.60746947470261947
B,C,1.5544834121360653,0.15449008760237185
