group 1,group 2,t-statistic,p-value
A,B,-1.8710464893378778,0.098248836637463519
A,C,-0.22554552542346315,0.82659326342709272
B,C,1.6607189429504339,0.14072746605225031
