group 1,group 2,t-statistic,p-value
A,B,-0.96980216573919686,0.35748423617932612
A,C,1.2356893813301206,0.25162675457659123
B,C,1.2738176668317327,0.24338959883519781
