group 1,group 2,t-statistic,p-value
A,B,-0.96121234886215023,0.36155681222897729
A,C,1.3984195836344013,0.1995357756995419
B,C,1.4835267031038888,0.18150310829298716
