group 1,group 2,t-statistic,p-value
A,B,-1.5684662922997914,0.15121724092709576
A,C,0.49215825155645271,0.64009479448974949
B,C,1.2521321357114961,0.26590114797228048
