group 1,group 2,t-statistic,p-value
A,B,-1.0512138727165636,0.32056573075793515
A,C,0.12920009267684721,0.90083331820985402
B,C,0.90827347258427493,0.39874515836619445
