group 1,group 2,t-statistic,p-value
A,B,-0.65602241948125328,0.52822277436448484
A,C,0.80067732771022593,0.44644293288360348
B,C,1.4741280114620556,0.18394238387495615
