group 1,group 2,t-statistic,p-value
A,B,-0.54106278718030509,0.60159751356309976
A,C,1.1978691166603797,0.26525057629343235
B,C,1.3897769095623447,0.20719222573262341
