group 1,group 2,t-statistic,p-value
A,B,0.50327803439088103,0.61508358509878569
A,C,1.0706669266437376,0.28501902156234993
B,C,0.45867945008716354,0.64686771051867953
