group 1,group 2,t-statistic,p-value
A,B,-1.2288259074409167,0.21996264769815915
A,C,-0.15879021709723132,0.87392173780085791
B,C,0.95183786186296693,0.34212112901371561
