group 1,group 2,t-statistic,p-value
A,B,0.44600355044162499,0.65587284390253353
A,C,-0.52881554909507777,0.59726019559511323
B,C,-0.99988226532705404,0.31838298343282334
