group 1,group 2,t-statistic,p-value
A,B,1.1869693461619342,0.23604242372061035
A,C,0.59085990246835163,0.5549789831234051
B,C,-0.62509892029425751,0.53249268971958896
