group 1,group 2,t-statistic,p-value
A,B,0.18626695577649996,0.85235803969558011
A,C,-0.16697504684838577,0.86749226125161805
B,C,-0.35096334671382734,0.72595017828812325
