group 1,group 2,t-statistic,p-value
A,B,0.32610211760686608,0.74458229045240354
A,C,-1.6184831199626302,0.1065721873742785
B,C,-1.8664324352607853,0.063395071638904288
