group 1,group 2,t-statistic,p-value
A,B,-0.49518652461060303,0.62085822428416271
A,C,-0.99039073246959508,0.32279206987963627
B,C,-0.37857275274721958,0.70540077804174517
