group 1,group 2,t-statistic,p-value
A,B,-0.14183758053148224,0.89274620824932693
A,C,1.1482171363865696,0.36968232264258338
B,C,1.1668386560331416,0.29589384336366492
