group 1,group 2,t-statistic,p-value
A,B,-0.2649714720862118,0.801608119490408
A,C,0.55063935225594929,0.63717176909746132
B,C,0.55561402786028014,0.6024174143298493
