group 1,group 2,t-statistic,p-value
A,B,-0.46876825493562591,0.65896217124298884
A,C,0.83553683671816059,0.49133152164467764
B,C,1.1401904895923276,0.30586202004902441
