group 1,group 2,t-statistic,p-value
A,B,-0.16021723519488654,0.87898159184015867
A,C,0.76383143318336322,0.52477588970125866
B,C,1.178536302118782,0.29160940966654075
