group 1,group 2,t-statistic,p-value
A,B,-0.75246274900573418,0.48566765056474126
A,C,0.095905430721013568,0.93234002272589189
B,C,0.82694483439978617,0.44592444563912992
