group 1,group 2,t-statistic,p-value
A,B,-0.24851803914346876,0.81361833387983307
A,C,0.86642093931015185,0.47759359770829013
B,C,1.2222657622645752,0.27607763453289746
