group 1,group 2,t-statistic,p-value
A,B,-0.35823569383667381,0.73827262687559037
A,C,0.63982272686684505,0.55709565430264862
B,C,1.6343867684725215,0.15329561513156656
