group 1,group 2,t-statistic,p-value
A,B,-1.0731783592378827,0.31878778009882786
A,C,-0.20495756878016205,0.84568775329843737
B,C,0.71534822304438972,0.50126922041816524
