group 1,group 2,t-statistic,p-value
A,B,-1.1164007653241106,0.29665711651465826
A,C,-0.45468072115642511,0.66839833608726051
B,C,0.46706824536202823,0.6546405507054216
