group 1,group 2,t-statistic,p-value
A,B,-0.88811415292729567,0.40039263560937721
A,C,-0.7763444089307453,0.46703677534688415
B,C,-0.21346970356088052,0.83630043701061885
