group 1,group 2,t-statistic,p-value
A,B,-0.54076987696072354,0.60543825241167049
A,C,-0.39972914217775091,0.70319733111765381
B,C,-0.071270166924349967,0.94517622629763554
