group 1,group 2,t-statistic,p-value
A,B,-0.63559316453563652,0.54525150837606162
A,C,-0.64393571632478663,0.55468142920901253
B,C,-0.46454201210406593,0.65636212566321162
