group 1,group 2,t-statistic,p-value
A,B,-1.5775490738188207,0.15867605884164587
A,C,-0.93731060847868519,0.4016652762044195
B,C,-0.2718567945566796,0.79357568637325548
