group 1,group 2,t-statistic,p-value
A,B,0.41196852072897822,0.69742896803525345
A,C,0.80974949422013043,0.45487821507183862
B,C,0.54619117310198828,0.60463372237465673
