group 1,group 2,t-statistic,p-value
A,B,-0.41477664502218187,0.69550145432364374
A,C,1.1509125716797417,0.33317871151133155
B,C,1.1600669135092156,0.31054505915687941
