group 1,group 2,t-statistic,p-value
A,B,-0.50431796548545493,0.6354704897504122
A,C,5.6912214224431255,0.010754091096082944
B,C,0.89400358096902788,0.4218497018403819
