group 1,group 2,t-statistic,p-value
A,B,0.81669694062438913,0.47392280124548092
A,C,1.9991201634567595,0.13944482323885046
B,C,0.25012235463474797,0.82583973077257122
