group 1,group 2,t-statistic,p-value
A,B,0.56893865050000236,0.59982118840498844
A,C,2.4753424860971562,0.08963890822212503
B,C,0.56159950972582906,0.61361084147641787
