group 1,group 2,t-statistic,p-value
A,B,-1.198136576007798,0.28455385332672978
A,C,2.5416847671574323,0.084554866324751593
B,C,1.2298229956580689,0.28615104582888251
