group 1,group 2,t-statistic,p-value
A,B,-0.67108999193878072,0.53191232854685966
A,C,0.98035927379244536,0.3992036058877303
B,C,1.2478593456032498,0.28014450683352898
