group 1,group 2,t-statistic,p-value
A,B,0.4050549150787664,0.70616435382149556
A,C,2.0370042186805151,0.13443376563000409
B,C,1.1600812257394617,0.32995106552401399
