group 1,group 2,t-statistic,p-value
A,B,-0.92640027717301821,0.40667246801709372
A,C,1.0183295485835864,0.38349225827475625
B,C,1.3607425226815124,0.26680155200843303
