group 1,group 2,t-statistic,p-value
A,B,-0.30362065233148999,0.77655457894791868
A,C,1.3612150406261494,0.26666877539024197
B,C,0.76459099077714809,0.5001551344610311
