group 1,group 2,t-statistic,p-value
A,B,0.44692125273739902,0.6780629236123572
A,C,0.69988580451567561,0.53438902947460565
B,C,0.50245993174119574,0.64990832478822114
