group 1,group 2,t-statistic,p-value
A,B,0.90531560777869868,0.43203443917988699
A,C,0.2737610515960735,0.80203482196085718
B,C,-0.47313853096258085,0.68272592351964201
