group 1,group 2,t-statistic,p-value
A,B,1.376122023740324,0.2060728246415954
A,C,0.75381342202552004,0.47948789051121687
B,C,-0.3825021996336892,0.72154442146478748
