group 1,group 2,t-statistic,p-value
A,B,0.29941778472667496,0.77142065499348478
A,C,0.89316694617001802,0.40616364988501008
B,C,1.0678567818050713,0.33440717366770489
