group 1,group 2,t-statistic,p-value
A,B,0.040021476983364931,0.96905676073003411
A,C,0.98993186907801145,0.36043357600691872
B,C,0.51490440451057395,0.6337660740328821
