group 1,group 2,t-statistic,p-value
A,B,0.3265084225690934,0.75241791397911773
A,C,0.48679407748416431,0.64699230389458506
B,C,0.50931374254999928,0.63220689071455127
