group 1,group 2,t-statistic,p-value
A,B,0.43540226476892924,0.67477883456068533
A,C,0.33669167143761652,0.75002114861883196
B,C,0.10186979600873756,0.92281920945582785
