group 1,group 2,t-statistic,p-value
A,B,1.1040878336307438,0.31983442226756981
A,C,0.016613809639803516,0.98738726969670965
B,C,-3.7808003772982688,0.063379034773805895
