group 1,group 2,t-statistic,p-value
A,B,-0.24411094000841527,0.82990292720423287
A,C,0.088129415012231843,0.93532716428699281
B,C,0.36464429539865634,0.73956529549185412
