group 1,group 2,t-statistic,p-value
A,B,0.23039021045226749,0.83920922724964053
A,C,-0.55720318590959739,0.6162609094065985
B,C,-0.74154754423574687,0.51213646712615613
