group 1,group 2,t-statistic,p-value
A,B,0.024437559966683186,0.98272261492850843
A,C,-0.10962832285567421,0.91962610863163929
B,C,-0.16119724767159804,0.88218201789176454
