group 1,group 2,t-statistic,p-value
A,B,-0.80088843414541933,0.48175550156199198
A,C,0.23882926613021119,0.8266233197082884
B,C,1.3795120452976977,0.23983942634759506
