group 1,group 2,t-statistic,p-value
A,B,0.92574638845239632,0.40697422551739099
A,C,-0.52229347792707503,0.62905630930485412
B,C,-2.2657535747081949,0.15168508669905964
