group 1,group 2,t-statistic,p-value
A,B,1.451236728095066,0.22034048300074846
A,C,-0.23321413007124508,0.82704342594783686
B,C,-8.3574223904052545,0.014016796030553447
