group 1,group 2,t-statistic,p-value
A,B,0.95445952930853584,0.39390039745695293
A,C,-1.5447004328086795,0.18307603719599133
B,C,-1.8651491707034236,0.15901594184454157
