group 1,group 2,t-statistic,p-value
A,B,-0.0064120365189664231,0.9951910138018667
A,C,-1.4491043073682421,0.20698559740611835
B,C,-1.4834515679472406,0.23459383686701923
