group 1,group 2,t-statistic,p-value
A,B,0.96181626473673432,0.39060870583924251
A,C,0.085367744019914163,0.93607121426075013
B,C,-1.6220160015674292,0.18011907853713927
