group 1,group 2,t-statistic,p-value
A,B,0.24436504265528675,0.81897105415428284
A,C,0.7660723673383758,0.48634149890417072
B,C,0.50176725159444524,0.64219152003725388
