group 1,group 2,t-statistic,p-value
A,B,0.25469970861568991,0.81151370360542385
A,C,-0.73193454355406928,0.50478282759855897
B,C,-1.0172700824162599,0.36655036153481618
