group 1,group 2,t-statistic,p-value
A,B,1.1849815865782767,0.30161681057671808
A,C,-0.096664440345165664,0.92764245473523155
B,C,-1.1121753597848854,0.32839761755732255
