group 1,group 2,t-statistic,p-value
A,B,-0.1865834150972914,0.8638917008984911
A,C,0.36524147240942856,0.73342457803070338
B,C,0.49253017671899457,0.65613750172760654
