group 1,group 2,t-statistic,p-value
A,B,1.2143121387068492,0.26399981657104926
A,C,-0.051868621632161882,0.95990513408047751
B,C,-1.5241828132658166,0.22485869775295592
