group 1,group 2,t-statistic,p-value
A,B,1.0330045436639008,0.33596517763169453
A,C,-0.71645020099327672,0.494094328111081
B,C,-0.90232813623480057,0.43339111358910676
