group 1,group 2,t-statistic,p-value
A,B,0.36798633714056006,0.71318869085822389
A,C,0.82647737945557564,0.40928823822020033
B,C,0.47447463022163555,0.63572410071175678
