group 1,group 2,t-statistic,p-value
A,B,0.046738153593972098,0.96275752672552617
A,C,1.2545538915072345,0.21071770325387001
B,C,1.1960485533095409,0.23315258359156774
