group 1,group 2,t-statistic,p-value
A,B,-0.92311666313155938,0.35684004499624999
A,C,-0.80377726146315454,0.42228017318773525
B,C,0.1972660260834618,0.84384960882272431
