group 1,group 2,t-statistic,p-value
A,B,-0.32476449139773783,0.74562455044428744
A,C,0.47743036479801976,0.63345372740067973
B,C,0.73999107714423962,0.46028028739181281
