group 1,group 2,t-statistic,p-value
A,B,-0.58923322856918525,0.55625221935978142
A,C,-1.7333095655805457,0.084293698096071554
B,C,-0.93841963997332112,0.34933709612600528
