group 1,group 2,t-statistic,p-value
A,B,-0.2028464086985271,0.83945336836048823
A,C,-1.3345390439753493,0.18349335707281669
B,C,-0.960733005053512,0.33818273952194955
