group 1,group 2,t-statistic,p-value
A,B,-1.1196689416170333,0.29979684921280381
A,C,-1.316021292611677,0.23620845624268758
B,C,-0.21413249799089484,0.84417226914949617
