group 1,group 2,t-statistic,p-value
A,B,-0.64019145376101938,0.54242713657601405
A,C,-0.60945873326503308,0.56147263033339456
B,C,0.053679473772829493,0.95976454462997052
