group 1,group 2,t-statistic,p-value
A,B,-0.27687523642517109,0.78987341745978989
A,C,-0.14064754129695492,0.89211012981427706
B,C,0.23810679824428432,0.82349826539704252
