group 1,group 2,t-statistic,p-value
A,B,-1.3831376316556037,0.21589076698053472
A,C,-1.1230194755334348,0.30434606302734502
B,C,0.36639889199902514,0.74919759596388502
