group 1,group 2,t-statistic,p-value
A,B,-1.5940598439896143,0.16203209993186524
A,C,-0.55306843300717623,0.6002009736635896
B,C,0.70347236501498522,0.5546281252539752
