group 1,group 2,t-statistic,p-value
A,B,-1.1348099959939446,0.29974679052310765
A,C,-0.13455269872183953,0.89675261369934367
B,C,0.87996652784236706,0.4436681988180714
