group 1,group 2,t-statistic,p-value
A,B,-0.018521365864850172,0.98567653318851689
A,C,1.1766051192774469,0.27780948350596896
B,C,0.7890242449582241,0.48770594224654334
