group 1,group 2,t-statistic,p-value
A,B,-0.070123498923271327,0.94605662386655842
A,C,-1.3152178693113461,0.23646173754634786
B,C,-0.91818128595981163,0.42623565884254244
