group 1,group 2,t-statistic,p-value
A,B,1.7945142929200806,0.17061496995992231
A,C,-0.12898737298652932,0.90552954462537205
B,C,-0.93710880495374582,0.44762809942131088
