group 1,group 2,t-statistic,p-value
A,B,0.34380722527820812,0.75367730027108304
A,C,-0.92201026037172706,0.42452357170035676
B,C,-0.82469749374578394,0.49624766481796678
