group 1,group 2,t-statistic,p-value
A,B,0.00094817397896463035,0.99930299252259824
A,C,nan,nan
B,C,nan,nan
