group 1,group 2,t-statistic,p-value
A,B,-0.60499542187672917,0.577825935734677
A,C,-1.0825312336010517,0.35826358310916129
B,C,-0.86315231005671345,0.45153834659954606
