group 1,group 2,t-statistic,p-value
A,B,0.056797117745312327,0.95743076599064214
A,C,-0.36820900247857163,0.73716456593988822
B,C,-0.52736410843081438,0.63445382271379613
