group 1,group 2,t-statistic,p-value
A,B,1.1586134535484904,0.33046564659555028
A,C,-0.66699589001699922,0.57342630434196618
B,C,-1.2999073409240247,0.28449537998701391
