group 1,group 2,t-statistic,p-value
A,B,-0.3441374781520975,0.75345260285122362
A,C,-0.80052517083391062,0.50738923066509822
B,C,-0.99474584608002969,0.39318050661397175
