group 1,group 2,t-statistic,p-value
A,B,-0.98296663510777704,0.39810561176604353
A,C,-0.71090627005085827,0.55086709718027316
B,C,0.11125128739630312,0.91844270133926664
