group 1,group 2,t-statistic,p-value
A,B,1.1178601676374751,0.37988566690244507
A,C,0.071446703561579922,0.94954390033295977
B,C,-0.40044123794755099,0.72755652155145756
