group 1,group 2,t-statistic,p-value
A,B,0.56815175358224113,0.60967583869313935
A,C,0.90595514676341415,0.46058373919394824
B,C,0.34372988956400941,0.75372992266768324
