group 1,group 2,t-statistic,p-value
A,B,-0.74773121977962542,0.48827639275275408
A,C,0.063841639618322898,0.9549030713245692
B,C,0.95677105725007361,0.38262289864800103
