group 1,group 2,t-statistic,p-value
A,B,2.9510623163732359,0.059973361578545478
A,C,1.9959477606720284,0.18405597804443571
B,C,-0.56098608943659523,0.61398013362160753
