group 1,group 2,t-statistic,p-value
A,B,3.7882528961079887,0.063153014173306085
A,C,2.4542370329390368,0.13355590433854139
B,C,-0.44666883891697468,0.69882259706447114
