group 1,group 2,t-statistic,p-value
A,B,-1.066457043888585,0.28757033889537126
A,C,-1.3812742507788518,0.16875146529046714
B,C,-0.21504211001330081,0.83011210096137289
