group 1,group 2,t-statistic,p-value
A,B,-1.9504122778483395,0.052637874395072656
A,C,-1.2881343445343785,0.19924141322965264
B,C,0.69566200079108742,0.48805626119301426
