group 1,group 2,t-statistic,p-value
A,B,0.74006410051406057,0.46043345812357661
A,C,-0.020627535569251298,0.98356880145131265
B,C,-0.69816767635407995,0.48669267907395797
