group 1,group 2,t-statistic,p-value
A,B,-0.63782865614116568,0.52450270939968324
A,C,-1.7057748452095245,0.089865658829415038
B,C,-0.90837593291003538,0.36570219593752118
