group 1,group 2,t-statistic,p-value
A,B,0.8220415095453264,0.41231600070806151
A,C,-0.19428703137253661,0.84619159378173026
B,C,-1.0350529857544966,0.30306819790337824
