group 1,group 2,t-statistic,p-value
A,B,-0.67701155970878191,0.54692871841130197
A,C,-3.9443213436884044,0.058676636501749362
B,C,0.10652732386671422,0.92188801964149281
