group 1,group 2,t-statistic,p-value
A,B,0.0046613496840086288,0.99657343418181354
A,C,-0.10344437829883166,0.92704867655833689
B,C,-0.11171043511036842,0.91810795866914474
