group 1,group 2,t-statistic,p-value
A,B,-0.59348338934084122,0.5946289573782273
A,C,0.28247556296320209,0.79594674972653712
B,C,0.98629157536299195,0.37982674865379723
