group 1,group 2,t-statistic,p-value
A,B,-0.72969632877185109,0.51838918094522923
A,C,-0.28123595964256221,0.79681157914547684
B,C,0.32802673406855903,0.75934356768682088
