group 1,group 2,t-statistic,p-value
A,B,0.50631001897811245,0.61342978247685176
A,C,-0.65710703097415257,0.51205034514499204
B,C,-1.1512652240281758,0.25207495444518441
