group 1,group 2,t-statistic,p-value
A,B,1.5456627250258677,0.12438091279601199
A,C,1.6213601450140882,0.10686143764457227
B,C,-0.20009092123119265,0.84176597555404953
