group 1,group 2,t-statistic,p-value
A,B,1.0444460986380633,0.29841397784253976
A,C,0.11916226294623709,0.90531884995115408
B,C,-0.97773902328929352,0.33063562889855669
