group 1,group 2,t-statistic,p-value
A,B,-0.54706423558022432,0.58530994551009652
A,C,-0.8507854573408582,0.39624461658476107
B,C,-0.20844453084539707,0.835293530978367
