group 1,group 2,t-statistic,p-value
A,B,-0.072608071868439608,0.94223594051126236
A,C,0.11100962300081912,0.91176222525948003
B,C,0.21090620197459395,0.83338964856965192
