group 1,group 2,t-statistic,p-value
A,B,-2.2105331571544311,0.02881718407510836
A,C,0.30537252946874227,0.76048184722363565
B,C,2.4692838884041226,0.01515059311622652
