group 1,group 2,t-statistic,p-value
A,B,-2.7667738721465458,0.0064680685081010382
A,C,1.0284446641335918,0.30524596760152783
B,C,4.1271422089824075,7.3354739671527291e-05
