group 1,group 2,t-statistic,p-value
A,B,0.51071856987564201,0.61060023594247403
A,C,0.98201811690215945,0.32790109864960082
B,C,0.24839081804817784,0.80441077483483547
