group 1,group 2,t-statistic,p-value
A,B,-2.8111960892451071,0.0057738299487385732
A,C,1.1616696206776469,0.24726529093161634
B,C,3.7794084454425687,0.0002743525543569423
