group 1,group 2,t-statistic,p-value
A,B,-2.492259504353616,0.014093469865696153
A,C,0.83063692884908469,0.40755384035221265
B,C,2.9943796214672012,0.0035233709722115388
