group 1,group 2,t-statistic,p-value
A,B,0.20730775397614287,0.83616725737162656
A,C,-1.6023116145325049,0.11161078443000823
B,C,-1.5095089873194436,0.13471088822649452
