group 1,group 2,t-statistic,p-value
A,B,-1.2790104524815835,0.20363470044795154
A,C,0.42264937023300286,0.67330123507239348
B,C,1.7953073700269901,0.075924309951582211
