group 1,group 2,t-statistic,p-value
A,B,-2.4738397686222648,0.014969508122877522
A,C,0.49658672921683678,0.62041224515771454
B,C,2.7893142403239026,0.0064462228284709435
